"id","site","job_url","job_url_direct","title","company","location","job_type","date_posted","salary_source","interval","min_amount","max_amount","currency","is_remote","job_level","job_function","company_industry","listing_type","emails","description","company_url","company_url_direct","company_addresses","company_num_employees","company_revenue","company_description","logo_photo_url","banner_photo_url","ceo_name","ceo_photo_url"
"d5dfbda8e8a781b1","indeed","https://www.indeed.com/viewjob?jk=d5dfbda8e8a781b1","http://www.indeed.com/job/python-developer-dallas-tx-local-only-f2f-required-d5dfbda8e8a781b1","Python Developer || Dallas, TX (Local only) || F2F required.","ANB Sourcing LLC","Dallas, TX, US","fulltime, contract","2024-10-01","direct_data","hourly",45.0,60.0,"USD",False,"","","","","","**Python Developer**

**Dallas, TX (Local only)-- F2F interview required.**

6 months

**Visa: EAD,GC, USC only.**

**JD:**

Mid-level (5 or more years) **in Python Development.**

* Strong problem-solving skills and the ability to work independently in a fast-paced environment.

· Excellent communication and collaboration skills.

Must be local.

Job Types: Full-time, Contract

Pay: $45.00 - $60.00 per hour

Schedule:

* 8 hour shift

Application Question(s):

* Current Location & Visa Status:
* Are you open for F2F interview in Dallas, TX?

Experience:

* Python Developer: 4 years (Required)

Work Location: In person","https://www.indeed.com/cmp/Anb-Sourcing-LLC-2","","","","","","","","",""
"286213dc57445be5","indeed","https://www.indeed.com/viewjob?jk=286213dc57445be5","http://www.indeed.com/job/television-mobile-app-developer-partner-286213dc57445be5","Television Mobile App Developer Partner","ON1Y ","Dallas, TX, US","contract","2024-10-01","direct_data","yearly",81221.0,102844.0,"USD",False,"","","","","","\\*\\*Job Title: Television Mobile App Developer Partner\\*\\*

\\*\\*Company Overview:\\*\\*

We are a cutting-edge tech and film company dedicated to revolutionizing entertainment through innovative technology solutions. Our focus is on creating compelling mobile experiences that engage audiences and enhance content delivery. We are currently seeking a talented Television Mobile App Developer Partner to join our team and help us build dynamic applications for our projects.

\\*\\*Job Description:\\*\\*

As the Television Mobile App Developer Partner, you will be responsible for designing, developing, and maintaining mobile applications that support our television and film content. You will collaborate closely with our creative and technical teams to ensure seamless integration of features and functionality.

\\*\\*Key Responsibilities:\\*\\*

- Design and develop user-friendly mobile applications for iOS and Android platforms tailored to our television and film content.

- Collaborate with designers and producers to translate project requirements into functional app features.

- Ensure high performance, quality, and responsiveness of applications by troubleshooting and debugging issues.

- Stay up-to-date with industry trends, technologies, and best practices to continuously improve app functionality and user experience.

- Implement and maintain APIs to connect mobile applications with back-end services and databases.

- Conduct thorough testing and quality assurance to ensure a smooth user experience upon launch.

- Provide ongoing support and updates for existing applications as needed.

\\*\\*Skills Required:\\*\\*

- Proficiency in mobile app development frameworks (e.g., React Native, Flutter, Swift, Kotlin).

- Strong understanding of software development principles and mobile UI/UX design.

- Experience with RESTful APIs and integrating third-party services.

- Familiarity with version control systems (e.g., Git).

- Excellent problem-solving skills and attention to detail.

- Ability to work collaboratively in a team environment and communicate effectively.

\\*\\*Qualifications:\\*\\*

- Bachelor’s degree in Computer Science, Software Engineering, or a related field is preferred.

- Proven experience in mobile app development with a strong portfolio showcasing previous projects.

- Knowledge of app store submission processes and guidelines for both iOS and Android platforms.

- Previous experience in a collaborative project environment is a plus.

\\*\\*Compensation:\\*\\*

This position offers a unique partnership opportunity, where compensation will be structured as a revenue share from all project work. An initial base pay will be provided for the timely delivery of the first project, with a partnership contract offered for future work based on performance and collaboration.

If you are passionate about storytelling and have the skills and experience we are looking for, please submit your resume, portfolio, and a cover letter detailing your relevant experience.

Join us in bringing captivating stories to life!

Job Type: Contract

Benefits:

* Professional development assistance

Schedule:

* Choose your own hours

Ability to Commute:

* Dallas, TX (Required)

Ability to Relocate:

* Dallas, TX: Relocate before starting work (Required)

Work Location: In person","https://www.indeed.com/cmp/On1y","","","","","","","","",""
"3d872ee426767830","indeed","https://www.indeed.com/viewjob?jk=3d872ee426767830","http://www.indeed.com/job/lead-full-stack-engineer-3d872ee426767830","Lead Full Stack Engineer","Auctus SHVD LLC","Irving, TX, US","contract","2024-10-01","direct_data","hourly",62.0,65.0,"USD",False,"","","","","","**Overview**  
We are seeking a talented Full Stack Developer to join our dynamic team. The ideal candidate will have a passion for software development and possess a diverse skill set to contribute to our projects.

**Experience**

* At least 15years of experience in Information Technology.
* At least 2 years of experience leading application development team (minimum 6 - 8 members) for AWS target environment (Web/Mobile/ Desktop applications)
* Excellent in designing and writing code supporting serverless framework using **Node.js**
* At least 3 years in **JavaScript,** Typescript
* At least 3 years in **PHP,** Python

Job Type: Contract

Pay: $62.55 - $65.69 per hour

Schedule:

* 8 hour shift

Work Location: In person","https://www.indeed.com/cmp/Auctus-Shvd-LLC","","","","","","","","",""
"7ea708b5027d685c","indeed","https://www.indeed.com/viewjob?jk=7ea708b5027d685c","https://accenture.com/us-en/careers/jobdetails?id=12651681_en","Java Full Stack Engineer-5468376","Accenture","Irving, TX, US","fulltime","2024-10-01","description","hourly",40.0,50.0,"USD",False,"","","","","","**Accenture Flex** offers you the flexibility of local fixed-duration project-based work powered by Accenture, a leading global professional services company. Accenture is consistently recognized on FORTUNE's 100 Best Companies to Work For and Diversity Inc's Top 50 Companies For Diversity lists.


As an **Accenture Flex** employee, you will apply your skills and experience to help drive business transformation for leading organizations and communities. In addition to delivering innovative solutions for Accenture's clients, you will work with a highly skilled, diverse network of people across Accenture businesses who are using the latest emerging technologies to address today's biggest business challenges.


You will receive competitive rewards and access to benefits programs and world-class learning resources. **Accenture Flex** employees work in their local metro area onsite at the project, significantly reducing and/or eliminating the demands to travel.

**Key Responsibilities:**

* Development and Architecture of microservices using Java, Spring boot
* Strong experience in Java, Spring boot, REST Migrating web application to Spring MVC
* Experience in Java EJB, Rest Assured
* Perform performance engineering analysis on Web, Microservice and Middleware applications
* Experience in Agile and/or SAFe development methodologies
* Troubleshoot production and testing issues for resolution on Web and Middleware applications
* Perform root cause analysis for production incidents

  

**Basic Qualifications:**

* Minimum 3 years of Java Full Stack Development experience
* High School Diploma or GED

**Preferred Qualifications:**

* Experience with Spring Boot, JavaScript, Middleware, React.js, Scaled Agile Framework SAFe


Compensation at Accenture varies depending on a wide array of factors, which may include but are not limited to the specific office location, role, skill set, and level of experience. As required by local law, Accenture provides a reasonable range of compensation for roles that may be hired in California, Colorado, District of Columbia, Maryland, New York or Washington as set forth below.


We accept applications on an on-going basis and there is no fixed deadline to apply.


Information on benefits is here.


Role Location Hourly Salary Range


California $40.96 - $50.96


Colorado $40.96 - $50.96


District of Columbia $40.96 - $50.96


New York $40.96 - $50.96


Washington $40.96 - $50.96

 ***What We Believe***

 *We have an unwavering commitment to diversity with the aim that every one of our people has a full sense of belonging within our organization. As a business imperative, every person at Accenture has the responsibility to create and sustain an inclusive environment.*

 *Inclusion and diversity are fundamental to our culture and core values. Our rich diversity makes us more innovative and more creative, which helps us better serve our clients and our communities.* *Read more here*

 ***Equal Employment Opportunity Statement***

 *Accenture is an Equal Opportunity Employer. We believe that no one should be discriminated against because of their differences, such as age, disability, ethnicity, gender, gender identity and expression, religion or sexual orientation.*

 *All employment decisions shall be made without regard to age, race, creed, color, religion, sex, national origin, ancestry, disability status, veteran status, sexual orientation, gender identity or expression, genetic information, marital status, citizenship status or any other basis as protected by federal, state, or local law.*

 *Accenture is committed to providing veteran employment opportunities to our service men and women.*

 *For details, view a copy of the* *Accenture Equal Employment Opportunity and Affirmative Action Policy Statement**.*

 ***Requesting An Accommodation***

 *Accenture is committed to providing equal employment opportunities for persons with disabilities or religious observances, including reasonable accommodation when needed. If you are hired by Accenture and require accommodation to perform the essential functions of your role, you will be asked to participate in our reasonable accommodation process. Accommodations made to facilitate the recruiting process are not a guarantee of future or continued accommodations once hired.*

 *If you would like to be considered for employment opportunities with Accenture and have accommodation needs for a disability or religious observance, please call us toll free at 1 (877) 889-9009, send us an* *email* *or speak with your recruiter.*

 ***Other Employment Statements***

 *Applicants for employment in the US must have work authorization that does not now or in the future require sponsorship of a visa for employment authorization in the United States.*

 *Candidates who are currently employed by a client of Accenture or an affiliated Accenture business may not be eligible for consideration.*

 *Job candidates will not be obligated to disclose sealed or expunged records of conviction or arrest as part of the hiring process.*

 *The Company will not discharge or in any other manner discriminate against employees or applicants because they have inquired about, discussed, or disclosed their own pay or the pay of another employee or applicant. Additionally, employees who have access to the compensation information of other employees or applicants as a part of their essential job functions cannot disclose the pay of other employees or applicants to individuals who do not otherwise have access to compensation information, unless the disclosure is (a) in response to a formal complaint or charge, (b) in furtherance of an investigation, proceeding, hearing, or action, including an investigation conducted by the employer, or (c) consistent with the Company's legal duty to furnish information.*","https://www.indeed.com/cmp/Accenture","https://www.accenture.com","Dublin, Dublin","10,000+","more than $10B (USD)","With 505,000 people serving clients in more than 120 countries, Accenture brings continuous innovation to help clients improve their performance and create lasting value across their enterprises.","https://d2q79iu7y748jz.cloudfront.net/s/_squarelogo/256x256/e1bd47363c07b64a9578dbf71edbf4e4","https://d2q79iu7y748jz.cloudfront.net/s/_headerimage/1960x400/f7be8a6231fd0ad5ccfe0d58b57e6ac3","Julie Sweet","https://d2q79iu7y748jz.cloudfront.net/s/_ceophoto/512x512/2c0997a3c011aace284cc9a6fb9b0114"
"34ad80766b2e043f","indeed","https://www.indeed.com/viewjob?jk=34ad80766b2e043f","http://www.indeed.com/job/sr-devops-engineer-34ad80766b2e043f","Sr. DevOps Engineer","Learnbeyond Consulting LLC","Plano, TX, US","fulltime","2024-10-01","direct_data","hourly",50.0,60.0,"USD",False,"","","","","","\\*\\*\\*Prefers Capital One formers

\\*\\*\\*Hybrid in McLean, VA, Richmond, VA or Plano, TX

Required Skills:

- AWS (IAM/EC2/Lambda/ECS/DynamoDB/RDS/S3/EBS)

- Rest APIs/ GraphQL/ SQL / Containers

- Advanced level - Python or Go

- Demonstrated Serverless Architecture Experience

- CICD - IaC (Terraform/CFT), Jenkins

- Automated Testing (ATDDs)

- Good grasp on Observability tools (Splunk/ New Relic) and troubleshooting (CloudTrail/Cloudwatch)

Preferred skills: DevSecOps, Cloud Security Experience, Security Certifications or AWS Certifications

5 years of experience

Job Type: Full-time

Pay: $50.98 - $60.72 per hour

Experience:

* Azure: 1 year (Preferred)
* AWS: 1 year (Preferred)
* Kubernetes: 1 year (Preferred)

Work Location: In person","https://www.indeed.com/cmp/Learnbeyond-Consulting-LLC","","","","","","","","",""
"d73aabb6d7fb6f8f","indeed","https://www.indeed.com/viewjob?jk=d73aabb6d7fb6f8f","http://www.indeed.com/job/devops-engineer-need-ex-capital-one-experience-d73aabb6d7fb6f8f","DevOps Engineer - Need Ex Capital One experience","learnbeyond consulting","Plano, TX, US","contract","2024-10-01","direct_data","hourly",59.0,61.0,"USD",True,"","","","","","**Top Skills' Details**

\\*\\*\\*Prefers Capital One formers

\\*\\*\\*Hybrid in McLean, VA, Richmond, VA or Plano, TX

Required Skills:

- AWS (IAM/EC2/Lambda/ECS/DynamoDB/RDS/S3/EBS)

- Rest APIs/ GraphQL/ SQL / Containers

- Advanced level - Python or Go

- Demonstrated Serverless Architecture Experience

- CICD - IaC (Terraform/CFT), Jenkins

- Automated Testing (ATDDs)

- Good grasp on Observability tools (Splunk/ New Relic) and troubleshooting (CloudTrail/Cloudwatch)

Preferred skills: DevSecOps, Cloud Security Experience, Security Certifications or AWS Certifications

5 years of experience

Secondary Skills - Nice to Haves

Job Description

Required Skills:

- AWS (IAM/EC2/Lambda/ECS/DynamoDB/RDS/S3/EBS)

- Rest APIs/ GraphQL/ SQL / Containers

- Advanced level - Python or Go

- Demonstrated Serverless Architecture Experience

- CICD - IaC (Terraform/CFT), Jenkins

- Automated Testing (ATDDs)

- Good grasp on Observability tools (Splunk/ New Relic) and troubleshooting (CloudTrail/Cloudwatch)

Preferred skills: DevSecOps, Cloud Security Experience, Security Certifications or AWS Certifications

5 years of experience

Additional Skills & Qualifications

Sr. DevOps Engineer

Job Type: Contract

Pay: $59.70 - $61.40 per hour

Schedule:

* Monday to Friday

Work Location: Hybrid remote in Plano, TX 75023","https://www.indeed.com/cmp/Learnbeyond-Consulting-2","","","","","","","","",""
"0e8668ed640e096f","indeed","https://www.indeed.com/viewjob?jk=0e8668ed640e096f","http://www.indeed.com/job/java-microservices-developer-0e8668ed640e096f","Java Microservices Developer","Success in Cloud, Inc","Dallas, TX, US","fulltime","2024-10-01","direct_data","hourly",50.0,55.0,"USD",False,"","","","","jobs@successincloud.com","Title: Java Microservices Developer

Location :- **Dallas, TX (Onsite)**

***Note :- Not open to C2C or C2H, No OPT.***

***US Citizen, Green Card, GC EAD, H4 EAD, H1 and TN Only***

***Only on W2 allowed.***

Client : .Mphasis/Chase

Summary

Minimum 4+ years experience in the following:

* Java, Maven/ Grade, Spring boot, Scrum, JIRA, GitHub/ Bitbucket, Eclipse/ IntelliJ IDE,

Cloud exposure (AWS or Azure), PAAS knowledge (OpenShift or PCF)

* SDLC Process
* Repository like Git or Bitbucket
* DevOps pipeline
* Setting up Continuous Deployment /Continuous Integration (CI/CD) pipeline for different

platforms

* Solving technical issues with thorough research and investigation
* Testing tools, such as TestNG, Selenium etc

Education -

* Bachelor’s degree in computer science or equivalent require
* Certification: Java/Cloud/DevOps/Scrum (good to have)

Responsibilities

* Develop, test and maintain software applications and systems
* Write clean, efficient code using Java & Spring boot
* Collaborate with QA Analysts and Software Developers to develop solutions
* Work along with larger scrum team to delivery assigned stories
* Develop and document the framework for integration and implementation for changes to technical

standards

* Design reusable frameworks – environment management and layout design
* Mentor junior team members and support interviews/evaluations

Other Desired Qualifications:

* Working knowledge in any Cloud platform
* Working knowledge of PaaS tools like OpenShift or PCF
* Strong communication and interpersonal skills • Experience in working as part of scrum team

Share updated resume to **jobs@successincloud.com**

***Kindly mention your Visa Status and if ready to relocated to Dallas, TX.***

HR Team

Success In Cloud, Inc

Job Type: Full-time

Pay: $50.00 - $55.00 per hour

Benefits:

* 401(k)
* Dental insurance
* Health insurance

Schedule:

* 8 hour shift
* Monday to Friday

Experience:

* REST: 1 year (Preferred)
* Java: 4 years (Required)

Work Location: In person","https://www.indeed.com/cmp/Success-in-Cloud,-Inc-1","","","","","","","","",""
"9d82f061aaa81500","indeed","https://www.indeed.com/viewjob?jk=9d82f061aaa81500","https://search10.smartsearchonline.com/geologics/jobs/jobdetails.asp?da=_202410&refid=245_15105_14404647&job_number=15105&sourcename=Indeed","Software Engineer","GeoLogics Corporation","Richardson, TX, US","","2024-10-01","","hourly","","","USD",False,"","","Consulting And Business Services","","KDunkin@geologics.com","**Role: Software Engineer****Client: Defense-Aerospace****Pay Rate: up to $64/hr (W2, non-benefited)****Length: 1-year (w/ possible extension)****Location:** **Richardson, TX****Clearance: Active and transferable U.S. government-issued Top Secret security clearance (required prior to start date).**
**Description:**
As a Software Engineer, you will have the opportunity to apply your deep understanding of software engineering principles, theories, and concepts, including the software development lifecycle, design patterns, and Object-Oriented architecture. You will be responsible for designing, building, and maintaining efficient, reusable, and reliable code while demonstrating critical thinking skills and effectively communicating concepts and ideas.**Required Skills & Experience:*** At least 1 year of experience developing or supporting complex applications using Java.
* Experience with Agile and/or DevSecOps toolsets, such as Jira, Confluence, BitBucket, Jenkins, and Cucumber.
* Obtain and maintain SCI program access and successfully complete polygraph examinations as required.
* Bachelor's in Science, Technology, Engineering, or Mathematics and a 2 years of experience.


**Desired Skills & Experience:*** Experience with containerization technologies such as Docker and Kubernetes.
* Experience with Agile development methodologies.
* Experience with DevSecOps and Continuous Integration/Continuous Delivery (CI/CD) practices.
* Experience with building and maintaining automated tests.



If interested in learning more about this position, please email your resume to KDunkin@geologics.com and I will call back with more information.","https://www.indeed.com/cmp/Geologics-Corporation","https://www.geologics.com","Alexandria, VA","501 to 1,000","$25M to $100M (USD)","GeoLogics Corporation is an award winning technical services and staffing company. We help grow engineering, IT, software, hardware, testing and systems development careers in defense and aerospace","https://d2q79iu7y748jz.cloudfront.net/s/_squarelogo/256x256/f3b61cfbf5b0535bafb31544884d9a09","","Fernando Arroyo",""
"a8c91405f669301f","indeed","https://www.indeed.com/viewjob?jk=a8c91405f669301f","http://www.indeed.com/job/automation-test-engineer-a8c91405f669301f","Automation Test Engineer","Boston Technology","Irving, TX, US","fulltime","2024-10-01","direct_data","yearly",93965.0,99309.0,"USD",False,"","","","","","**Job Summary**  
We are seeking an experienced Automation Engineer to join our team. The ideal candidate will be responsible for designing, developing, and implementing automated testing solutions to enhance our software quality and performance.

**ONSITE role**

**Duties**  
End to end Testing

Selenium experience

Solid SQL experience

Tested backend – write complex queries with large data sets

**Azure DevOps**

**Please submit for more detailed JD**

Job Type: Full-time

Pay: $93,965.00 - $99,309.00 per year

Schedule:

* Monday to Friday

Experience:

* Azure DevOps: 1 year (Required)

Ability to Commute:

* Irving, TX 75038 (Required)

Work Location: In person","https://www.indeed.com/cmp/Boston-Technology","","","","","","","","",""
"c30e3f34ca542cd4","indeed","https://www.indeed.com/viewjob?jk=c30e3f34ca542cd4","https://www.schwabjobs.com/job/-/-/33727/70614646720","Site Reliability Engineer","Charles Schwab","Westlake, TX, US","","2024-10-01","direct_data","yearly",100000.0,135000.0,"USD",False,"","","","","","**Your opportunity**
--------------------

  

At Schwab, you’re empowered to make an impact on your career. Here, innovative thought meets creative problem solving, helping us “challenge the status quo” and transform the finance industry together.

  

Schwab’s Stock Plan Services team focuses on supporting equity compensation for our B2B clients and we have multiple applications that support this effort. Our mission is to launch a consolidated platform of microsites to combine these segregated applications into a holistic user experience. While executing this goal we strive to maintain excellent customer support and deliver on sustaining engineering objectives. We are fueled by a diverse team of talented team-members who continuously raise the bar on delivering best-in-class products and services to people all over the world.

  



As a Site Reliability Engineer (SRE), you’ll bridge the gap between software engineering and IT Operations. In this role, you will have ownership of the software operations process by establishing and refining processes and best practices for deploying and maintaining production environments and monitoring product system status. If you’re looking to bring your expertise to a firm that will offer consistent, challenging opportunities, while prioritizing your growth and valuing your impactful work, this could be the role for you.

  



**Essential Functions**

  

* Establish systems to communicate relevant system health information to internal and external stakeholders.
* Measure and optimize system performance from a deployment perspective, and work with Software Engineers to develop and support reliable and maintainable deployment solutions to maximize performance.
* Provide expert operational support for all application platforms with an emphasis on automation.
* Play a leading role in administering and maintaining production environments.
* Be a strong advocate for security, stability, and reliability in solution discussions.

**What you have**
-----------------

 **Required qualifications*** 5+ years of experience working in a 24/7/365 Application Support role responsible for enterprise applications, infrastructure, and systems.
* 5+ years of experience in measuring, tracking, and improving SLO/SLA’s/KPI’s.
* 5+ years of experience with a systems programming language, such as Python, PowerShell, C#, JavaScript, and shell scripting.
* 5+ years of experience with Ansible, SALT, or other configuration management tools.
* 5+ years of experience with GitHub, Bamboo, Bitbucket.
* 5+ years of experience with monitoring and logging, using tools like Splunk, ThousandEyes, Grafana, and AppDynamics
* ITIL v. 4 Experience with Enterprise Systems that includes but not limited to:
+ Event and Incident Management
+ Release and Enterprise Change Management.

* Availability for after-hours calls/incident management.
* Proficiency with Infrastructure As Code principles.

**What’s in it for you**

  

At Schwab, we’re committed to empowering our employees’ personal and professional success.


Our flexible work options, supportive culture, and focus on your development means you’ll get


the tools you need to make a positive difference in the finance industry.

  

We offer a competitive benefits package that takes care of the whole you – both today and in


the future:

  



* Base salary + annual bonus
* 401(k) with company match and Employee stock purchase plan
* Paid time for vacation, volunteering, and a 4-week sabbatical after 5 years of service
* Paid parental leave and family building benefits
* Tuition reimbursement
* Health, dental, and vision insurance

**What’s in it for you**
------------------------


At Schwab, we’re committed to empowering our employees’ personal and professional success. Our purpose-driven, supportive culture, and focus on your development means you’ll get the tools you need to make a positive difference in the finance industry. Our Hybrid Work and Flexibility approach balances our ongoing commitment to workplace flexibility, serving our clients, and our strong belief in the value of being together in person on a regular basis.


We offer a competitive benefits package that takes care of the whole you – both today and in the future:

* 401(k) with company match and Employee stock purchase plan
* Paid time for vacation, volunteering, and 28-day sabbatical after every 5 years of service for eligible positions
* Paid parental leave and family building benefits
* Tuition reimbursement
* Health, dental, and vision insurance","https://www.indeed.com/cmp/Charles-Schwab","https://www.schwabjobs.com/","Westlake, TX","10,000+","more than $10B (USD)","Financial services can be complicated. At Charles Schwab, we’re trying to fix that.","https://d2q79iu7y748jz.cloudfront.net/s/_squarelogo/256x256/6dd9a4298e3ef6e3fde293a9e36ce752","https://d2q79iu7y748jz.cloudfront.net/s/_headerimage/1960x400/3e40d6a4601cb91556d4ee643d10d532","Walt Bettinger","https://d2q79iu7y748jz.cloudfront.net/s/_ceophoto/512x512/76f23a4f02f90f99c4174dbad9774682"
"a96e7a31626f0db6","indeed","https://www.indeed.com/viewjob?jk=a96e7a31626f0db6","https://careers.southwestair.com/job/SOUTUSR202447237ENUSEXTERNAL/Software-Engineer-Summer-2025-Intern-Remote?utm_source=indeed&utm_medium=phenom-feeds","Software Engineer Summer 2025 Intern - Remote","Southwest Airlines","Dallas, TX, US","fulltime, internship","2024-10-01","","hourly","","","USD",True,"","","","","","**Department:** Technology
  
  

Our Company Promise
  
  

We are committed to provide our Employees a stable work environment with equal opportunity for learning and personal growth. Creativity and innovation are encouraged for improving the effectiveness of Southwest Airlines. Above all, Employees will be provided the same concern, respect, and caring attitude within the organization that they are expected to share externally with every Southwest Customer.
  
  

**Job Description:**  

Software Engineer Summer 2025 Intern – Remote
  
  

Please print/save the job description because it won’t be available after you apply.
  
  

To be considered, please ensure that you attach a resume to your application.
  
  

The Intern will work full-time as a Software Engineer Intern within the Technology Department. The Intern may be asked to support a variety of projects within one or more of the following Teams:
  
  

Airline Products
  
**AIS & AGS – Reservation Webservices :** This team supports the Amadeus Integration Services and Altea Gateway Services, middleware services that broker communication between SWA Applications and our reservation system. This team recently migrated to AWS, unlocking opportunities to explore the latest industry technologies and gain hands-on experience that truly showcases your skills!
  
  

Air Operations
  
**Crew Modernization Enablement :** This team is delivering critical business capabilities while creating reference implementations that are cloud native, scalable, and reliable. As a Software Engineer Intern on this team, you will be part of a development POD delivering for the new Crew Scheduling & Recovery system, using tools like AWS and Java.
  
**Crew Scheduling & Recovery:** The work this team does directly impacts the system our pilots and flight attendants use for their assigned flights and schedules. It’s truly an opportunity to impact how Southwest Airlines operates. This team hosts team-building activities every month and celebrates birthdays and anniversaries of our Cohearts. You will have the opportunity to work on new technologies while enjoying your team!
  
  

Digital & Customer
  
**Digital Platforms - Native App Development :** Be a part of a dynamic group of developers supporting our iOS and Android apps! These apps are the primary choice of our Customers to interact with Southwest Airlines to buy tickets, check-in for flights, and other revenue and service features.
  
  

Infrastructure
  
**Technology Infrastructure Engineering:** This team is focused on building technology for technology at SWA! Current projects include automating tasks and consolidating tools to reduce risk and free up our development teams.
  
  

People & Finance
  
**Enterprise Workforce, Benefits, and Compensation:** Th i s Team is in the process of modernizing the tools our Employees use to manage their schedules, request time off, and ensure they are paid correctly. It is an opportunity to make a direct positive impact for fellow Southwest Airlines Employees. The modernization also allows us to have better information about how our Employees work so we can adapt to new needs.
  
**Finance Transformation Team:** Join the dynamic Finance Transformation Team at SWA which is at the forefront of revolutionizing our financial systems by migrating from SAP ECC to S/4 HANA. This transition is crucial for enhancing our financial reporting, improving operational efficiency, and enabling real-time analytics. As a part of this team, you'll have the opportunity to work with cutting-edge technology, gain hands-on experience in SAP migrations, and contribute to a project that is pivotal to our organization's future success. This team offers a collaborative environment where your contributions will be valued, and your professional growth will be supported.
  
  

Technical and Ground Operations
  
**Tech Ops Technology:** This team is the cutting edge, envelope pushing cloud delivery team. The Tech Ops Technology team is consistently lauded and recognized for the innovations they deliver while producing value for business partners. Most recently this team was awarded for being the first team to do a fully automated code delivery pipeline to production with zero human intervention. This team is a cloud based custom development team that builds applications and integrations to support our Aircraft Maintenance tool platforms. If you want to work on the newest technologies and leverage the newest techniques, this is the place to be!
  
  

Technology Platforms & Architecture
  
**Integrated Data Foundation (IDF) Middleware & Streams:** The Middleware Team presents opportunity to learn multiple technologies including Kafka, IBM MQ, Apache, tcServer, automation/scripting, GenAI. As a Software Engineer on this team, you will also get exposure to work with geographically distributed team in Dallas, Mexico and India who supports these technologies. This is a critical team in which most of the application uses are day-to-day.
  
**Integrated Data Foundation Platform (IDFP):** SWA Technology is refactoring how we collect, store and expose data across the Enterprise using the latest cloud architectures, tools, and devops mindset for quicker feedback loop while leveraging Agile principles. This team is looking to solve these pain points with a Data Lake House solution to store, govern and provide the right data to the right customer at the right time that will integrate and accel both business and technology analytical users. This solution is and will be the foundation of Southwest Airlines for the future using a Cloud based platform that can scale and continuous integrate with tools and concepts to provide exponential value.
  
  

Duties and Responsibilities
  
The duties and responsibilities of the Software Engineer Intern may include but are not limited to:
  
Analyze, design, write program code, test, document, and implement functionally appropriately, technically sound, and well-integrated application systems in accordance with Customer requirements, and organizational methodologies and standards.
  
Respond to production problems and implement immediate resolution efforts across technology areas.
  
Maintain awareness of technology trends in area of responsibility.
  
Meet commitments and deliverables related to participating in projects.
  
  

Basic Qualifications
  
High School Diploma, GED or equivalent education required
  
Must be at least 18 years of age
  
Must have authorization to work in the United States as defined by the Immigration Reform Act of 1986
  
You must have a valid U.S. Social Security Number to complete the full hiring process
  
This position requires authorization to work in the United States as a permanent employee without sponsorship now or in the future
  
  

Education
  
Progress towards degree, major, or minor in Computer Science, Computer Engineering, Information Systems or Information Technology, Operations Research, Industrial Engineering, Business OR similar degree
  
Progress towards a 4-year undergraduate degree preferred
  
To be eligible, you must be currently enrolled as a full-time student (as defined by your university) at the time of application and during the internship
  
At least one semester remaining at the time the internship ends is preferred
  
Minimum 2.5 cumulative GPA at the time of application
  
  

Knowledge, Skills, and Abilities
  
Exposure to or experience with AWS Cloud services and infrastructure, including Lambda and Route53 preferred
  
Exposure to or experience with scripting preferred
  
Exposure to or experience with software testing techniques preferred
  
Knowledge of or exposure to Spring Boot preferred
  
Knowledge of or exposure to Docker preferred
  
Knowledge of or exposure to Gradle or Maven preferred
  
Knowledge of or exposure to DevOps, DevSecOps and automation preferred
  
Knowledge of or exposure to CI/CD preferred
  
Knowledge of or exposure to Secure Code Development preferred
  
Classroom and/or industry experience using Java and Java Objects preferred
  
Classroom and/or industry experience using Python preferred
  
Classroom and/or industry experience with Kafka preferred
  
Classroom and/or industry experience with JavaScript/Node.js and React preferred
  
Classroom and/or industry experience with Native App Design preferred
  
Exposure to or experience with Jira preferred
  
Knowledge of SAP systems, including training in SAP S/4 HANA fundamentals and Fiori preferred
  
Knowledge of Agile or Scaled Agile (SAFe) methodologies preferred
  
Basic knowledge of development methodologies, practices, concepts, technologies and technical options required
  
Demonstrate programming aptitude and ability for logical and abstract thinking preferred
  
Ability to stay organized and manage multiple and concurrent assignments under tight deadlines preferred
  
Previous internship or work experience as a Software Engineer within the past 12 months preferred
  
Classroom and/or industry experience delivering presentations in a group setting preferred
  
Classroom and/or industry experience with group project work preferred
  
Ability to work effectively in a fast-paced, team-based, Customer service-oriented environment with a high regard for hospitality
  
Demonstrate programming aptitude and ability for logical and abstract thinking
  
Problem solving ability and strong written/verbal communications skills preferred
  
Works well in a culture that is open, direct, respectful, courteous, and compassionate preferred
  
  

Time Commitment and Pay
  
**Required:** Full-time 40hrs a week
  
Must maintain a consistent weekly schedule during normal business hours at a max of 8hrs per day
  
**Program Dates:** May 20 – August 8, 2025
  
$31 per hour + $2,000 one-time stipend (Paid $1,000 on first paycheck and $1,000 at midpoint of internship)
  
  

To apply, you must submit your application and upload a resume for each role online at www.southwest.com/careers .
  
  

We are committed to helping individuals with disabilities participate in the workforce and ensuring equal opportunity to apply and compete for jobs. If you need accommodation at any point in the hiring process due to a disability, you may email the Accommodations Team or call 877-792-4792.
  
  

**More details:**  

Southwest Airlines promises to provide Employees with equal opportunity for learning and personal growth. We entrust our Interns working in Technology to make an impact on their Team in real-time projects, work collaboratively with other Technology Interns and workgroups, make progress to achieve Company initiatives, and deliver on our Company Purpose of connecting People to what’s important in their lives through friendly, reliable, and low-cost air travel, all while having fun and developing yourself as a future professional.
  
  

**As an Intern, you can expect to:**  

Join Southwest as a Summer 2025 Intern, with a 12-week internship lasting from May 20th to August 8th, 2025.
  
Work fully remote, with opportunities to connect with your Team and other workgroups virtually and potential to travel to visit our Corporate Campus in Dallas, Texas.
  
There is limited group of states or localities ineligible for Employees to regularly perform their work off-site. Those ineligible locations are Alaska, California, Colorado, Delaware, Illinois, Iowa, Maryland, Massachusetts, Montana, New Hampshire, New Jersey, New York, North Dakota, Oregon, Pennsylvania, South Dakota, Vermont, West Virginia, Washington, and Wyoming.
  
If you currently reside in an ineligible state, you may relocate to an eligible state and be considered for an internship
  
Dedicate 40 hours each week to your internship responsibilities and tasks.
  
Receive hourly pay of $31 and receive a one-time $2,000 stipend (Paid $1,000 on first paycheck and $1,000 at midpoint of internship)
  
Receive free, unlimited space available travel privileges for yourself (taxes and fees may apply on international travel).
  
Interns will be provided any required equipment, such as a laptop, for the internship.
  
Southwest Airlines is an Equal Opportunity Employer. We continue to look for opportunities to reflect the communities we serve, and welcome applicants with diverse thoughts, backgrounds, and experiences.
  
  

Southwest Airlines is an Equal Opportunity Employer.
  
Please print/save this job description because it won't be available after you apply.
  
Job Posting End Date
  
10/15/2024","https://www.indeed.com/cmp/Southwest-Airlines","http://www.southwest.com","Dallas, TX","10,000+","more than $10B (USD)","Southwest Airlines is a major U.S.-based airline and is known as the world's largest low-cost carrier, with flights to 100+ destinations.","https://d2q79iu7y748jz.cloudfront.net/s/_squarelogo/256x256/3c77a6fc0773c67e636cc1deed4e53fd","https://d2q79iu7y748jz.cloudfront.net/s/_headerimage/1960x400/db1cba565e7697c1475cec789c7226e4","Bob Jordan","https://d2q79iu7y748jz.cloudfront.net/s/_ceophoto/512x512/1a42d163230eebad36ecd04af8794707"
"9cdf109d5ec7fdfd","indeed","https://www.indeed.com/viewjob?jk=9cdf109d5ec7fdfd","https://tnl2.jometer.com/v2/job?jz=581jnf20796df3fc7be0087777492554495aaCMAAKAAAAABQ&utm_source=joveo&publisher=Indeed-organic","Senior Software Engineer","Wells Fargo","Westlake, TX, US","fulltime","2024-10-01","direct_data","yearly",84000.0,149400.0,"USD",False,"","","","","","**About this role:**  

  

Wells Fargo is seeking a Senior Software Engineer to join our dynamic team. The ideal candidate will contribute to both strategic and tactical projects, bringing expertise in software development, problem-solving, and leadership.  

  

This team is responsible for the design, development, automated testing, implementation, and adoption of products using agile/scrum to support the Database Compliance & Risk LOB at the enterprise level. These products including asset discovery, inventory management, patch assessment, reporting and compliance/configuration drift etc. The stability, delivery and maintenance of this functionality is essential to the risk framework for the Wells Fargo enterprise database environment.  

  

**In this role, you will:*** Lead moderately complex initiatives and deliverables within technical domain environments
* Contribute to large scale planning of strategies
* Design, code, test, debug, and document for projects and programs associated with technology domain, including upgrades and deployments
* Review moderately complex technical challenges that require an in-depth evaluation of technologies and procedures
* Resolve moderately complex issues and lead a team to meet existing client needs or potential new clients needs while leveraging solid understanding of the function, policies, procedures, or compliance requirements
* Collaborate and consult with peers, colleagues, and mid-level managers to resolve technical challenges and achieve goals
* Lead projects and act as an escalation point, provide guidance and direction to less experienced staff

**Required Qualifications:*** 4+ years of Software Engineering experience, or equivalent demonstrated through one or a combination of the following: work experience, training, military experience, education
* Experience with Cloud technologies
* GitHub experience
* Experience with containerization related management stacks such as Docker, Swarm or Kubernetes
* SQL experience
* Proficient in multiple programming languages like Java or JavaScript.
* Strong understanding of Agile/Scrum practices.
* Experience with cloud solutions (Pivotal Cloud Foundry, Azure, AWS, or Google Cloud).

**Desired Qualifications:*** Experience with code branching
* Experience working with Configuration management tools like Ansible
* Experience working with Microservices architecture
* NoSQL experience
* Cloud certification
* Experience working with event streaming architecture
* Ability to take initiative and work independently with minimal supervision in a structured environment
* Ability to work effectively in a team environment and across all organizational levels, where flexibility, collaboration, and adaptability are important
* Excellent communication skills and ability to articulate complex material to a diverse audience

**Job Expectations:*** This position offers a hybrid work schedule
* This position is not eligible for Visa sponsorship

**Locations:*** 300 S Brevard St, Charlotte, NC 28202
* 1301 Solana Blvd, Westlake, Texas 76262
* 2600 S Price Rd, Chandler, Arizona 85286
* 550 S 4th St, Minneapolis, Minnesota 55415
* 800 S Jordan Creek Parkway, West Des Moines, IA 50266

**Pay Range**  

  

Reflected is the base pay range offered for this position. Pay may vary depending on factors including but not limited to achievements, skills, experience, or work location. The range listed is just one component of the compensation package offered to candidates.  

$84,000.00 - $149,400.00  

**Benefits**  

  

Wells Fargo provides eligible employees with a comprehensive set of benefits, many of which are listed below. Visit Benefits - Wells Fargo Jobs for an overview of the following benefit plans and programs offered to employees.* Health benefits
* 401(k) Plan
* Paid time off
* Disability benefits
* Life insurance, critical illness insurance, and accident insurance
* Parental leave
* Critical caregiving leave
* Discounts and savings
* Commuter benefits
* Tuition reimbursement
* Scholarships for dependent children
* Adoption reimbursement

**Posting End Date:**  

13 Oct 2024  

* **Job posting may come down early due to volume of applicants.**

  

**We Value Diversity**  

  

At Wells Fargo, we believe in diversity, equity and inclusion in the workplace; accordingly, we welcome applications for employment from all qualified candidates, regardless of race, color, gender, national origin, religion, age, sexual orientation, gender identity, gender expression, genetic information, individuals with disabilities, pregnancy, marital status, status as a protected veteran or any other status protected by applicable law.  

  

Employees support our focus on building strong customer relationships balanced with a strong risk mitigating and compliance-driven culture which firmly establishes those disciplines as critical to the success of our customers and company. They are accountable for execution of all applicable risk programs (Credit, Market, Financial Crimes, Operational, Regulatory Compliance), which includes effectively following and adhering to applicable Wells Fargo policies and procedures, appropriately fulfilling risk and compliance obligations, timely and effective escalation and remediation of issues, and making sound risk decisions. There is emphasis on proactive monitoring, governance, risk identification and escalation, as well as making sound risk decisions commensurate with the business unit's risk appetite and all risk and compliance program requirements.  

  

Candidates applying to job openings posted in US: All qualified applicants will receive consideration for employment without regard to race, color, religion, sex, sexual orientation, gender identity, national origin, disability, status as a protected veteran, or any other legally protected characteristic.  

  

**Applicants with Disabilities**  

  

To request a medical accommodation during the application or interview process, visit Disability Inclusion at Wells Fargo .  

  

**Drug and Alcohol Policy**  

  

Wells Fargo maintains a drug free workplace. Please see our Drug and Alcohol Policy to learn more.  

  

**Wells Fargo Recruitment and Hiring Requirements:**  

  

a. Third-Party recordings are prohibited unless authorized by Wells Fargo.  

  

b. Wells Fargo requires you to directly represent your own experiences during the recruiting and hiring process.","https://www.indeed.com/cmp/Wells-Fargo","https://www.wellsfargojobs.com/en/well-life/","San Francisco, CA","10,000+","more than $10B (USD)","At Wells Fargo, we provide opportunities that go beyond just your career. Whatever living a well life looks like to you, you'll find it here. Learn more at wellsfargojobs.com/well-life. ","https://d2q79iu7y748jz.cloudfront.net/s/_squarelogo/256x256/2ced2b321a964f69975fedbffe05c4bb","https://d2q79iu7y748jz.cloudfront.net/s/_headerimage/1960x400/d9382fa80fb2a458bedd3afaab6d916c","Charlie Scharf, CEO and President","https://d2q79iu7y748jz.cloudfront.net/s/_ceophoto/512x512/37bca88e561f55969a6a51885eca1f9a"
"6bebdda12b2b410c","indeed","https://www.indeed.com/viewjob?jk=6bebdda12b2b410c","https://searchjobs.libertymutualgroup.com/careers/job/618500626712?microsite=libertymutual.com&domain=libertymutual.com","Principal Software Engineer, Secure DevOps Platforms","Liberty Mutual Insurance","Plano, TX, US","fulltime","2024-09-30","direct_data","yearly",116700.0,216100.0,"USD",False,"","","","","","**Pay Philosophy**
The typical starting salary range for this role is determined by a number of factors including skills, experience, education, certifications and location. The full salary range for this role reflects the competitive labor market value for all employees in these positions across the national market and provides an opportunity to progress as employees grow and develop within the role. Some roles at Liberty Mutual have a corresponding compensation plan which may include commission and/or bonus earnings at rates that vary based on multiple factors set forth in the compensation plan for the role.

 **Description**Do you have the skills, and drive, to join a tech team that’s working to digitally transform a trillion-dollar industry? From test-driving the latest technologies to creating intuitive consumer apps, Liberty Mutual is constantly innovating and creating industry-leading solutions that provide peace of mind for our customers worldwide. As a principal software engineer at Liberty Mutual, you’ll consult on highly complex projects and solve technical problems, while working in an agile environment that has the creative energy of a start-up and the full backing and comprehensive benefits of a Fortune 100 company.

  

In this position in Secure DevOps Platforms (SDP), you will work at the hub off all the data, eventing, and relationships supporting our cloud runtimes & engineering experience in delivering applications to the cloud and associated processes. Our team is the team that glues it all together through data!

  

We encourage you to apply and bring your expertise if you have significant experience with:

* Java, Spring Boot, JavaScript, Python, AWS CDK, NextJS, K8S, Vitest, Jest, rabbitmq, SQL, NoSQL (Dynamodb & single table design), APIs


Preferred additional skills/experience includes:

* Github Actions, portals, Console, Public Cloud, PAAS, Rancher, AWS Console, MSSQL (TROUX), Apigee X (API)

  

In this role, you'll go far beyond simply developing error-free source code, test scripts, components and system architectures; you’ll document and build deployment guides aimed at maintaining robust, relevant software. You'll be a:

* Customer-centric engineer: Putting clients’ needs first, you’ll translate customer requirements into technical applications and support the implementation of new software
* Motivated mentor: Exercise your technical chops while coaching and collaborating with junior software engineers.
* Forward thinker: Merely fixing a problem isn’t enough ? using your proactive mindset and initiative, you’ll also identify opportunities to enhance performance, quality and efficiency

 **Qualifications*** Generally, 8+ years of software engineering experience
* Bachelor's degree in related field and/or equivalent level of experience


We encourage you to apply and bring your expertise if you have significant experience with:

* Java, Spring Boot, JavaScript, Python, AWS CDK, NextJS, K8S, Vitest, Jest, rabbitmq, SQL, NoSQL (Dynamodb & single table design), APIs


Preferred additional skills/experience includes:

* Github Actions, portals, Console, Public Cloud, PAAS, Rancher, AWS Console, MSSQL (TROUX), Apigee X (API)
* Customer-centric engineer: Putting clients’ needs first, you’ll translate customer requirements into technical applications and support the implementation of new software
* Motivated mentor: Exercise your technical chops while coaching and collaborating with junior software engineers.
* Forward thinker: Merely fixing a problem isn’t enough ? using your proactive mindset and initiative, you’ll also identify opportunities to enhance performance, quality and efficiency

 **About Us**
\\*\\*This position may have in-office requirements depending on candidate location.\\*\\*  

  

At Liberty Mutual, our purpose is to help people embrace today and confidently pursue tomorrow. That's why we provide an environment focused on openness, inclusion, trust and respect. Here, you'll discover our expansive range of roles, and a workplace where we aim to help turn your passion into a rewarding profession.  

  

Liberty Mutual has proudly been recognized as a ""Great Place to Work"" by Great Place to Work® US for the past several years. We were also selected as one of the ""100 Best Places to Work in IT"" on IDG's Insider Pro and Computerworld's 2020 list. For many years running, we have been named by Forbes as one of America's Best Employers for Women and one of America's Best Employers for New Graduates as well as one of America's Best Employers for Diversity. To learn more about our commitment to diversity and inclusion please visit: https://jobs.libertymutualgroup.com/diversity-inclusion  

  

We value your hard work, integrity and commitment to make things better, and we put people first by offering you benefits that support your life and well-being. To learn more about our benefit offerings please visit: https://LMI.co/Benefits  

  

Liberty Mutual is an equal opportunity employer. We will not tolerate discrimination on the basis of race, color, national origin, sex, sexual orientation, gender identity, religion, age, disability, veteran's status, pregnancy, genetic information or on any basis prohibited by federal, state or local law.  

  

**Fair Chance Notices**

* California
* San Francisco
* Los Angeles
* Philadelphia","https://www.indeed.com/cmp/Liberty-Mutual-Insurance","http://www.libertymutualgroup.com","Boston, MA","10,000+","more than $10B (USD)","Liberty Mutual Insurance is a diversified global insurer with over 50,000 employees located in more than 900 offices throughout the world.","https://d2q79iu7y748jz.cloudfront.net/s/_squarelogo/256x256/bf1eb916777af10bec37abe480366b5c","https://d2q79iu7y748jz.cloudfront.net/s/_headerimage/1960x400/5037aab342ca36a4903ca2eb66a448b3","Tim Sweeney","https://d2q79iu7y748jz.cloudfront.net/s/_ceophoto/512x512/cac32de8c853f4f5dba4ec82f9eda463"
"bfc4632d391b3641","indeed","https://www.indeed.com/viewjob?jk=bfc4632d391b3641","https://www.capitalonecareers.com/job/-/-/1732/70604527984","Senior Manager, Software Engineer, DevOps (Enterprise Platforms Technology)","Capital One","Plano, TX, US","fulltime","2024-09-30","","","","","",False,"","","","","RecruitingAccommodation@capitalone.com, Careers@capitalone.com","Plano 1 (31061), United States of America, Plano, Texas
Senior Manager, Software Engineer, DevOps (Enterprise Platforms Technology)
Do you love building and pioneering in the technology space? Do you enjoy solving complex business problems in a fast-paced, collaborative, inclusive, and iterative delivery environment? At Capital One, you'll be part of a big group of makers, breakers, doers and disruptors, who love to solve real problems and meet real customer needs. We are seeking **DevOps Engineers**who are passionate about marrying data with emerging technologies to join our team. As a DevOps Engineer, you’ll have the opportunity to be on the forefront of driving a major transformation within Capital One.

**The** **Network Visibility** team, part of a larger SRE organization, is responsible for providing timely metrics to gauge the functionality of Capital One’s network, both land based and cloud. This includes fault detection, capacity management and in-depth packet analysis. The team is adopting SRE practices, and as a leader for this team, you will impart your knowledge gained as a successful software engineer to infrastructure and software engineers and guide them in adopting practices already in mainstream use by the greater SRE organization. In addition, you will lead POC and implementation efforts replacing aging tools with a look to future needs. If you are motivated by geeky discussions of pipelines, streaming and open telemetry, and have the drive to guide a team to the next level, this is your home.

**Enterprise Platforms Technology (EPTech)** comprises many of Capital One’s most important enterprise platforms. We play an essential role in establishing practices for building technology solutions across the company, while also delivering capabilities that exemplify those practices.

**What You’ll Do:**

* Lead a portfolio of diverse technology projects and a team of developers with deep experience in machine learning, distributed microservices, and full stack systems
* Share your passion for staying on top of tech trends, experimenting with and learning new technologies, participating in internal & external technology communities, mentoring other members of the engineering community, and from time to time, be asked to code or evaluate code
* Collaborate with digital product managers, and deliver robust cloud-based solutions that drive powerful experiences to help millions of Americans achieve financial empowerment
* Utilize programming languages like Java, Python, SQL, Ruby and Go, Container Orchestration services including Docker and Kubernetes, CM tools including Ansible and Terraform, and a variety of AWS tools and services

**Basic Qualifications:**

* Bachelor’s degree
* At least 6 years of experience in DevOps Engineering (Internship experience does not apply)
* At least 4 years of experience with Cloud Native technologies (Amazon Web Services, Microsoft Azure, Google Cloud Platform)
* At least 6 years of Unix or Linux system administration experience
* At least 4 years of experience in people management

 **Preferred Qualifications:**

* 9+ years of DevOps Engineering experience
* 6+ experience with coding and scripting (Python, SQL, Java, JavaScript, Golang, Bash, Perl or Ruby)
* 4+ years of experience in infrastructure design, implementation and delivery
* 3+ years of experience with monitoring tools (Splunk or Zabbix)
* 3+ years of experience with Container orchestration services including Docker or Kubernetes
* 3+ years of experience working with Agile Development Practices

  

Capital One will consider sponsoring a new qualified applicant for employment authorization for this position


Capital One offers a comprehensive, competitive, and inclusive set of health, financial and other benefits that support your total well-being. Learn more at the Capital One Careers website. Eligibility varies based on full or part-time status, exempt or non-exempt status, and management level.


This role is expected to accept applications for a minimum of 5 business days.
No agencies please. Capital One is an equal opportunity employer committed to diversity and inclusion in the workplace. All qualified applicants will receive consideration for employment without regard to sex (including pregnancy, childbirth or related medical conditions), race, color, age, national origin, religion, disability, genetic information, marital status, sexual orientation, gender identity, gender reassignment, citizenship, immigration status, protected veteran status, or any other basis prohibited under applicable federal, state or local law. Capital One promotes a drug-free workplace. Capital One will consider for employment qualified applicants with a criminal history in a manner consistent with the requirements of applicable laws regarding criminal background inquiries, including, to the extent applicable, Article 23-A of the New York Correction Law; San Francisco, California Police Code Article 49, Sections 4901-4920; New York City’s Fair Chance Act; Philadelphia’s Fair Criminal Records Screening Act; and other applicable federal, state, and local laws and regulations regarding criminal background inquiries.
If you have visited our website in search of information on employment opportunities or to apply for a position, and you require an accommodation, please contact Capital One Recruiting at 1-800-304-9102 or via email at RecruitingAccommodation@capitalone.com. All information you provide will be kept confidential and will be used only to the extent required to provide needed reasonable accommodations.


For technical support or questions about Capital One's recruiting process, please send an email to Careers@capitalone.com


Capital One does not provide, endorse nor guarantee and is not liable for third-party products, services, educational tools or other information available through this site.


Capital One Financial is made up of several different entities. Please note that any position posted in Canada is for Capital One Canada, any position posted in the United Kingdom is for Capital One Europe and any position posted in the Philippines is for Capital One Philippines Service Corp. (COPSSC).","https://www.indeed.com/cmp/Capital-One","https://www.capitalonecareers.com","Mc Lean, VA","10,000+","more than $10B (USD)","Help change banking for good while getting opportunities, support and benefits you need.","https://d2q79iu7y748jz.cloudfront.net/s/_squarelogo/256x256/231e72fed9b08e7f098ab59080cc2dd6","https://d2q79iu7y748jz.cloudfront.net/s/_headerimage/1960x400/d4ea35e3c8e9f1cf00273e94311e3d01","Richard Fairbank","https://d2q79iu7y748jz.cloudfront.net/s/_ceophoto/512x512/ade05761927a23791c675cd8e04b9df9"
"f9099b53381d375c","indeed","https://www.indeed.com/viewjob?jk=f9099b53381d375c","https://jobs.citi.com/job/-/-/287/70608776320","AI Software Engineer (Hybrid)","Citi","Irving, TX, US","fulltime","2024-09-30","direct_data","yearly",96400.0,144600.0,"USD",False,"","","","","","Overview of the Role


Citi, the leading global bank, has approximately 200 million customer accounts and does business in more than 160 countries and jurisdictions. Citi provides consumers, corporations, governments, and institutions with a broad range of financial products and services, including consumer banking and credit, corporate and investment banking, securities brokerage, transaction services, and wealth management.


As a bank with a brain and a soul, Citi creates economic value that is systemically responsible and in our clients’ best interests. As a financial institution that touches every region of the world and every sector that shapes your daily life, our Enterprise Operations & Technology teams are charged with a mission that rivals any large tech company. Our technology solutions are the foundations of everything we do from keeping the bank safe, managing global resources, and providing the technical tools our workers need to be successful to designing our digital architecture and ensuring our platforms provide a first-class customer experience. We reimagine client and partner experiences to deliver excellence through secure, reliable, and efficient services.


Our commitment to diversity includes a workforce that represents the clients we serve from all walks of life, backgrounds, and origins. We foster an environment where the best people want to work. We value and demand respect for others, promote individuals based on merit, and ensure opportunities for personal development are widely available to all. Ideal candidates are innovators with well-rounded backgrounds who bring their authentic selves to work and complement our culture of delivering results with pride. If you are a problem solver who seeks passion in your work, come join us. We’ll enable growth and progress together.

**AI Software Engineer**


As a bank with a brain and a soul, Citi creates economic value that is systemically responsible and in our clients’ best interests. As a financial institution that touches every region of the world and every sector that shapes your daily life, our **Technology & Business Enablement** teams are charged with a mission that rivals any large tech company. Our technology solutions are the foundations of everything we do. We keep the bank safe and provide the technical tools our workers need to be successful. We design our digital architecture and ensure our platforms provide a first-class customer experience.


Trust is part of our DNA at Citi. As such, we take safeguarding our customer data very seriously. The Chief Information Security Office (CISO) is made up of deeply dedicated and talented colleagues who work together to ensure the safety of Citi’s and our clients’ assets and information. We manage information security as an end-to-end program – one with a clear mandate and accountability. Our mission is to continually execute and enhance a global security program that is fully anchored to modern control and security frameworks, fully aligned with the technology of the firm, threat-focused and data-driven, and deeply integrated across all Citi businesses globally.


Our commitment to diversity includes a workforce that represents the clients we serve globally from all walks of life, backgrounds, and origins. We foster an environment where the best people want to work. We value and demand respect for others, promote individuals based on merit, and ensure opportunities for personal development are widely available to all. Ideal candidates are innovators with well-rounded backgrounds who bring their authentic selves to work and complement our culture of delivering results with pride. If you are a problem solver who seeks passion in your work, come join us. We’ll enable growth and progress together.

**#CISO**

**About the Role:**

**AI Security Software Engineer**

We are seeking a talented and innovative AI Developer to join our Pentesting Research & Engineering team. In this role, you will play a key part in designing, developing, and implementing cutting-edge AI-powered tools and solutions to enhance our vulnerability assessment and penetration testing capabilities.


Core responsibilities include:

**Responsibilities:**

* Contribute to the architecture, design, and development of advanced AI tooling to assist with vulnerability detection and code analysis
* Collaborate with cross-functional teams to integrate AI capabilities into our existing security tools and processes
* Design and implement user-friendly interfaces and workflows for AI-powered security tools
* Conduct thorough testing and evaluation of AI models and tools to ensure their accuracy, reliability, and effectiveness
* Continuously monitor and improve the performance of AI-powered security solutions in production
* Stay up-to-date with the latest advancements in AI and security research, and propose innovative solutions to enhance our capabilities

**Qualifications:**

* Master’s Degree in Computer Science, Cyber Security, Artificial Intelligence, or related field OR
* Bachelor’s Degree in Computer Science, Cyber Security, Artificial Intelligence, or related field with a minimum of 3 years of professional experience
* Experience in developing AI-powered applications and tools, preferably in the security domain
* Proficiency in object-oriented programming languages such as Python, C#, Java, or C++
* Experience with large language models (LLMs) and their applications in security
* Familiarity with cloud platforms and services such as AWS, Azure, or Google Cloud
* Contributions to open-source AI or security projects
* Presentations or workshops at AI or security conferences and events
* Experience working with the Software Development Life Cycle (SDLC)
* Understanding of security concepts, vulnerabilities, and penetration testing methodologies
* Knowledge of secure coding practices
* Experience working within a fast-paced Agile development environment
* Experience with version control repositories such as GitHub, Bitbucket and CI/CD pipeline integrations

**About Citi**


Citi is a preeminent banking partner for institutions with cross-border needs, a global leader in wealth management and a valued personal bank in its home market of the United States. Citi does business in more than 160 countries and jurisdictions, providing corporations, governments, investors, institutions and individuals with a broad range of financial products and services.


Additional information may be found at www.citigroup.com | Twitter: @Citi | YouTube: www.youtube.com/citi | Blog: http://blog.citigroup.com | Facebook: www.facebook.com/citi | LinkedIn: www.linkedin.com/company/citi.


-

**Job Family Group:**

Technology
-

**Job Family:**


Information Security
-

**Time Type:**


Full time
-

**Primary Location:**


Irving Texas United States
-

**Primary Location Full Time Salary Range:**


$96,400.00 - $144,600.00  

In addition to salary, Citi’s offerings may also include, for eligible employees, discretionary and formulaic incentive and retention awards. Citi offers competitive employee benefits, including: medical, dental & vision coverage; 401(k); life, accident, and disability insurance; and wellness programs. Citi also offers paid time off packages, including planned time off (vacation), unplanned time off (sick leave), and paid holidays. For additional information regarding Citi employee benefits, please visit citibenefits.com. Available offerings may vary by jurisdiction, job level, and date of hire.


-

**Anticipated Posting Close Date:**


Oct 07, 2024
-


Citi is an equal opportunity and affirmative action employer.


Qualified applicants will receive consideration without regard to their race, color, religion, sex, sexual orientation, gender identity, national origin, disability, or status as a protected veteran.


Citigroup Inc. and its subsidiaries (""Citi”) invite all qualified interested applicants to apply for career opportunities. If you are a person with a disability and need a reasonable accommodation to use our search tools and/or apply for a career opportunity review **Accessibility at Citi**.


View the ""**EEO is the Law**"" poster. View the **EEO is the Law Supplement**.


View the **EEO Policy Statement**.


View the **Pay Transparency Posting**","https://www.indeed.com/cmp/Citi","http://www.citigroup.com","New York, NY","10,000+","more than $10B (USD)","Citi is more than a global financial services company. It’s an engine for progress. Apply today to to get involved.","https://d2q79iu7y748jz.cloudfront.net/s/_squarelogo/256x256/3a65f2fd9d93f6c880484c373f0b34da","https://d2q79iu7y748jz.cloudfront.net/s/_headerimage/1960x400/cc691143c4fe9ffa898c66de2b2e2fd4","Jane Fraser ","https://d2q79iu7y748jz.cloudfront.net/s/_ceophoto/512x512/00da38b558ea5d5f18f5c57ee79bd5f1"
"0c86a5dc58f93ab5","indeed","https://www.indeed.com/viewjob?jk=0c86a5dc58f93ab5","https://jobs.tekninjas.com/index.smpl?arg=jb_details&POST_ID=11947222&rid=Indeed","Software Developer","TekNinjas","Fort Worth, TX, US","","2024-09-30","direct_data","yearly",101162.0,128093.0,"USD",False,"","","","","","**Position: Software Developer** **Location: Fort Worth, TX (Hybrid)** **Duration: 6 Months with EXT** Contractor will be working on the Attendance Performance System application • 5+ years strong development background in C#/.NET, NET CORE and Spring Boot.  

* Experience in DevOps Toolchain methodologies, including TDD (test driven development), Continuous Integration, and Continuous Deployment
* Development experience in Data platform related technologies using Python/Scala
* Experience using SQL, ADF
* Strong knowledge in reviewing application performance metrics and improvements.
* Open Source development experience will be an added advantage
* Knowledge with Azure cloud environment development and deployment
* Knowledge of backend development using one of the following technologies: C#/.Net","https://www.indeed.com/cmp/Tekninjas","https://tekninjas.com","4425 Plano Pkwy, Ste 1402, Carrollton, TX 75010","201 to 500","$5M to $25M (USD)","","https://d2q79iu7y748jz.cloudfront.net/s/_squarelogo/256x256/f05f90301da28a2995493120b6dd0ff2","","",""
"5963c449c9aaf128","indeed","https://www.indeed.com/viewjob?jk=5963c449c9aaf128","https://careers.gamestop.com/us/en/job/GAMEUSREQ166415EXTERNALENUS/Embedded-Software-Engineer?utm_source=indeed&utm_medium=phenom-feeds","Embedded Software Engineer","GameStop","Grapevine, TX, US","fulltime","2024-09-30","direct_data","yearly",103307.0,130810.0,"USD",False,"","","Retail","","","At GameStop, we are committed to providing exceptional service and delivering the latest and greatest in gaming products to our customers. As a leading global retailer of video games, electronics, and gaming merchandise, we take pride in offering a wide range of products that cater to the needs and desires of gamers worldwide. Our mission is to create unforgettable experiences for our customers by constantly pushing the boundaries of what's possible. Whether you're a hardcore gamer or just starting out, we've got something for everyone. Join us in our mission to shape the future of gaming and bring the best gaming products to the world!
  
  

GameStop is looking for an Embedded Software Engineer to join our refurbishment operations team. This will collaborate with a team of engineers, production operations, and business partners. In this role, you will help design, build, and maintain multiple software applications used for testing consumer gaming products. The ideal candidate will be an excellent problem-solver, highly collaborative, and passionate about delivering solutions from ideation to implementation.
  
  

This position will sit onsite in Grapevine, TX.
  
  

**What you’ll do:**  

Design, document, and implement application software to test consumer gaming products such as video game consoles, controllers, headsets, etc.
  
Own the full software development lifecycle from initial feature definition through software release and production support.
  
Perform analyses of consumer gaming products to define customer-focused criteria and test parameters.
  
Modify and update legacy applications to support testing on newest generation gaming products.
  
Utilize best practices in implementing software deliverables.
  
Collaborate with operations team to optimize the testing process.
  
Assist in supporting end-users of the software deliverables, providing support as needed.
  
  

**What you’ll need:**  

Bachelor's degree in computer science or related field, or equivalent relevant experience
  
3+ years relevant work experience with end-to-end software development
  
Ability to thrive in a fast-paced, startup-like, agile development environment.
  
Expertise in C/C++, object-oriented methodologies, and system software design concepts.
  
Experience with C# and Java.
  
Experience in Windows application and Windows driver development.
  
Familiarity with embedded, real-time software design and implementation with the ability to clearly articulate complex system architecture, and design considerations.
  
Ability to communicate effectively across multiple teams and varying levels of technical expertise.
  
  

**What’s good to have:**  

Deep understanding of the various hardware communications protocols.
  
Experience with a consumer electronics and/or automotive electronics product development company.
  
Experience in a production environment.
  
Robotics experience.
  
  

Full-time store positions at GameStop are also eligible to participate in incentive programs, health benefits, paid time off, 401 (k), employee discount and a casual work environment. Positions at GameStop may also be eligible for a bonus and/or other incentives .","https://www.indeed.com/cmp/Gamestop","http://www.gamestop.com","625 Westport Parkway
Grapevine, TX 76051","1,001 to 5,000","$5B to $10B (USD)","GameStop Corp., a Fortune 500 company headquartered in Grapevine, Texas, is a global, multichannel video game and consumer electronics retailer.","https://d2q79iu7y748jz.cloudfront.net/s/_squarelogo/256x256/bd103a819fa2d2de5be7a8b96ee20c0c","https://d2q79iu7y748jz.cloudfront.net/s/_headerimage/1960x400/45573fdcf8091287f9ae57d7850e7235","Ryan Cohen",""
"6dbb3a1b53a0171f","indeed","https://www.indeed.com/viewjob?jk=6dbb3a1b53a0171f","https://capgemini.talentnet.community/jobs/04e55eaf-35ef-4eaf-860b-b8e4459bbe8f","Senior Mobile Engineer","Capgemini","Plano, TX, US","contract","2024-09-30","direct_data","hourly",36.0,57.0,"USD",False,"","","","","","**Roles and Responsibilities:**

**Responsibilities**

* Design, develop and maintain mobile applications for Android platform.
* Collaborate with cross-functional teams to define, design, and ship new features.
* Write clean, maintainable, and efficient code following best practices and coding standards.
* Participate and Assist in the entire application lifecycle, including concept, design, development, testing, release, and maintenance.
* Debug and resolve technical issues and bugs to ensure optimal application performance.
* Perform unit testing and ensure the robustness, reliability, and performance of applications.
* Participate in code reviews to ensure code quality and share knowledge with the team.
* Stay up to date with the latest industry trends and technologies.
* Implement mobile development best practices to ensure high code quality and performance.
* Adhere to security and data protection guidelines for mobile applications.

**Requirements**

* 7+ years knowledge in Native mobile app development.
* Mandatory Native Android development, knowing cross platform frameworks including but not limited to iOS, Flutter, React Native, multiplatform is a plus.
* In depth understanding of programming languages like Kotlin, Java, Jetpack Compose
* Strong experience building and maintaining Android libraries via Gradle/Maven
* Working Knowledge of Unit and Android Tests.
* Proficiency in Kotlin and Java.
* Strong knowledge of Android SDK, Jetpack Compose, and Android UI design principles.
* Experience with RESTful APIs, GraphQL, JSON, and integrating third-party libraries and APIs.
* Knowledge of version control systems (e.g., Git).
* Understanding of Agile methodologies and continuous integration/continuous deployment (CI/CD) practices.
* Solid understanding of mobile app design patterns like - MVC, MVP, Delegation, Singleton, Factory, MVVM pattern, Clean Architecture, Viper etc.
* Strong experience collaborating with designers and UX experts to create great user experiences.
* Building Android Modules, SDKs, Framework is plus.
* Working Knowledge of Unit and Automated testing using Espresso UI Automation
* Familiarity with tools like Jenkins, Fastlane and using version control tools like Git, Gitlab.
* Strong problem-solving skills, attention to detail, ability to learn quickly and adapt to new technologies/challenges.?
* Experience integrating and managing content through various CMS platforms within iOS applications.
* Proficiency in implementing and managing feature flags to enable or disable app features dynamically for different user groups.
* Proven experience developing applications for a global audience, considering various regional requirements and standards.
* Expertise in localizing applications for multiple languages and regions, ensuring a seamless user experience across diverse markets.
* Ability to design and develop reusable SDKs and frameworks that can be utilized across multiple applications or by third-party developers.
* In-depth knowledge of mobile security standards and best practices to protect user data and ensure application security. Commitment to implementing security best practices in code, architecture, and application deployment to prevent vulnerabilities.
* Proficiency in using profiling tools to identify and resolve performance bottlenecks, memory leaks, and optimize battery usage.
* Experience using SonarQube or similar tools to identify code smells and maintain high code quality standards.
* Strong understanding of code re.

  

The pay range that the employer in good faith reasonably expects to pay for this position is $36.98/hour - $57.79/hour. Our benefits include medical, dental, vision and retirement benefits. Applications will be accepted on an ongoing basis.  



  

Tundra Technical Solutions is among North America’s leading providers of Staffing and Consulting Services. Our success and our clients’ success are built on a foundation of service excellence. We are an equal opportunity employer, and we do not discriminate on the basis of race, religion, color, national origin, sex, sexual orientation, age, veteran status, disability, genetic information, or other applicable legally protected characteristic. Qualified applicants with arrest or conviction records will be considered for employment in accordance with applicable law, including the Los Angeles County Fair Chance Ordinance for Employers and the California Fair Chance Act. Unincorporated LA County workers: we reasonably believe that criminal history may have a direct, adverse and negative relationship with the following job duties, potentially resulting in the withdrawal of a conditional offer of employment: client provided property, including hardware (both of which may include data) entrusted to you from theft, loss or damage; return all portable client computer hardware in your possession (including the data contained therein) upon completion of the assignment, and; maintain the confidentiality of client proprietary, confidential, or non-public information. In addition, job duties require access to secure and protected client information technology systems and related data security obligations.","https://www.indeed.com/cmp/Capgemini","https://www.capgemini.com","Paris","10,000+","more than $10B (USD)","With more than 325,000 people, Capgemini is present in over 50 countries and celebrated its 50th Anniversary year in 2017.","https://d2q79iu7y748jz.cloudfront.net/s/_squarelogo/256x256/705e8467dd710fe59b83f3f0d13d2b16","https://d2q79iu7y748jz.cloudfront.net/s/_headerimage/1960x400/e219c883fd16c60154364d43b9c497c1","Aiman Ezzat","https://d2q79iu7y748jz.cloudfront.net/s/_ceophoto/512x512/3ea22fd272586e04be0a256d26409e76"
"72b9ac36fe3c56b0","indeed","https://www.indeed.com/viewjob?jk=72b9ac36fe3c56b0","https://d.hodes.com/r/tp2?e=se&tv=pixel_tracker&aid=kpmg&p=web&se_ca=indeed&se_ac=click&se_la=21003171&u=https%3A%2F%2Fwww.kpmguscareers.com%2Fjobdetail%2F%3FjobId%3D114495%26utm_medium%3Dsymphonytalent-jobads%26utm_campaign%3DDefault%2520Campaign%26utm_content%3DSenior%2520Specialist%2C%2520Full%2520Stack%2520Developer%26utm_term%3D114495%2520-%252087%26utm_source%3DIndeed%26srcCat%3DInternet%26specSrc%3DIndeed&se_pr=f81e21e5142850f6&se_va=1513&tr_af=organic&ti_id=1836_114495%20-%2087","Senior Specialist, Full Stack Developer","KPMG","Dallas, TX, US","","2024-09-11","direct_data","yearly",107306.0,135873.0,"USD",False,"","","","","","KPMG Advisory practice is currently our fastest growing practice. We are seeing tremendous client demand, and looking forward we do not anticipate that slowing down. In this ever-changing market environment, our professionals must be adaptable and thrive in a collaborative, team-driven culture. At KPMG, our people are our number one priority. With a wealth of learning and career development opportunities, a world-class training facility and leading market tools, we make sure our people continue to grow both professionally and personally. If you're looking for a firm with a strong team connection where you can be your whole self, have an impact, advance your skills, deepen your experiences, and have the flexibility and access to constantly find new areas of inspiration and expand your capabilities, then consider a career in Advisory.


KPMG is currently seeking a Senior Specialist to join our Advisory Services practice.


Responsibilities:

* Design and develop end to end web apps using Python frameworks such as Django or FastAPI with relational storage technologies hosted on Azure or similar cloud infrastructures.
* Adapt with and learn to leverage a wide array of technologies such as Cloud Infrastructure/API/Web/Data Services, Intelligent Automation, and Data Analytics in a fast-paced and innovative environment; able to take ownership and accountability of development process through the entire software lifecycle which includes architecture, design, development and DevOps.
* Practice standard development process leveraging agile methodologies such as SCRUM and enforce development standards defined by department on best practices
* Contribute thought leadership to the development and evolution of our technology solutions, platforms, methodologies, intellectual capital including publish articles, giving presentations, and performing research.
* Assist in the growth of your colleagues by continuous innovation and demonstrating leadership on projects.
* Act with integrity, professionalism, and personal responsibility to uphold KPMG’s respectful and courteous work environment


Qualifications:

* Minimum three years or experience designing and developing data and analytics web apps using Python (Django, FastAPI) and HTML/CSS.
* Bachelors degree from an accredited college/university with preferred background in Computer Science or Engineering
* Experience with AI Services (Chat Competion Models), IaaS (Terraform), and embedding data rich visuals into a UI (PowerBI) are a plus
* Applicants must be currently authorized to work in the United States without the need for visa sponsorship now or in the future


KPMG complies with all local/state regulations regarding displaying salary ranges. If required, the ranges displayed below or via the URL below are specifically for those potential hires who will work in the location(s) listed. Any offered salary is determined based on relevant factors such as applicant's skills, job responsibilities, prior relevant experience, certain degrees and certifications and market considerations. In addition, the firm is proud to offer a comprehensive, competitive benefits package, with options designed to help you make the best decisions for yourself, your family, and your lifestyle. Available benefits are based on eligibility. Our Total Rewards package includes a variety of medical and dental plans, vision coverage, disability and life insurance, 401(k) plans, and a robust suite of personal well-being benefits to support your mental health. Depending on job classification, standard work hours, and years of service, KPMG provides Personal Time Off per fiscal year. Additionally, each year the firm publishes a calendar of holidays to be observed during the year and provides two firmwide breaks each year where employees will not be required to use Personal Time Off; one is at year end and the other is around the July 4th holiday. Additional details about our benefits can be found towards the bottom of our KPMG US Careers site at “Benefits & How We Work”.

  


Follow this link to obtain salary ranges by city outside of CA: https://kpmg.com/us/en/how-we-work/pay-transparency.html/?id=M150DA\\_4\\_24KPMG LLP (the U.S. member firm of KPMG International) offers a comprehensive compensation and benefits package. KPMG is an affirmative action-equal opportunity employer. KPMG complies with all applicable federal, state and local laws regarding recruitment and hiring. All qualified applicants are considered for employment without regard to race, color, religion, age, sex, sexual orientation, gender identity, national origin, citizenship status, disability, protected veteran status, or any other category protected by applicable federal, state or local laws. The attached link “**https://assets.kpmg.com/content/dam/kpmg/us/pdf/2018/09/eeo.pdf**? ”contains further information regarding the firm's compliance with federal, state and local recruitment and hiring laws. No phone calls or agencies please.  

  

KPMG does not currently require partners or employees to be fully vaccinated or test negative for COVID-19 in order to go to KPMG offices, client sites or KPMG events, except when mandated by federal, state or local law. In some circumstances, clients also may require proof of vaccination or testing (e.g., to go to the client site).  

  

KPMG recruits on a rolling basis. Candidates are considered as they apply, until the opportunity is filled. Candidates are encouraged to apply expeditiously to any role(s) for which they are qualified that is also of interest to them.","https://www.indeed.com/cmp/Kpmg-0828bc85","http://www.kpmg.com","Berlin","10,000+","$1B to $5B (USD)","At KPMG, you'll be able to tap into your skills, expertise and passion to help organizations find sustainable solutions to the world's most pressing issues.","https://d2q79iu7y748jz.cloudfront.net/s/_squarelogo/256x256/dd15e348655668335109be33677955ea","https://d2q79iu7y748jz.cloudfront.net/s/_headerimage/1960x400/43ebb625b644681d302183de9612cafb","Bill Thomas",""
"ebe5495156cb810f","indeed","https://www.indeed.com/viewjob?jk=ebe5495156cb810f","https://nitro.powerhrg.com/recruiting/job_posting_redirect/6a2d64d409653037d64417f5bf63c9451c5a4878ae8c3605f67dcecf6ac69985?display=apply","Senior Ruby on Rails Developer - Design Systems","Power Home Remodeling","Denton, TX, US","fulltime","2024-08-02","direct_data","yearly",96754.0,122512.0,"USD",False,"","","","","recruiting@powerhrg.com","**Senior Ruby on Rails Developer - Design Systems**


Looking to make a real impact in a dynamic and collaborative workplace? Power, the largest home remodeling company in the nation, is looking for a passionate and motivated Ruby on Rails Developer focused on Design Systems to join us. You’ll have the chance to define how users will interact with our custom, innovative technology products, and collaborate with a team that is constantly pushing ourselves to improve and build tools that people genuinely want to use.  

To see our the UX team's work visit: https://dribbble.com/powerhrg


**About the Job:**


Like design systems? Yeah us too! We believe that a design system unites product teams around a common visual language. We’ve built an open source Design System called Playbook. This role will be responsible for maintaining and growing Playbook. See our design system at: https://playbook.powerapp.cloud


* Collaborate with UX Engineers to enhance and expand our design system Playbook.
* Build reusable UI components using styles, interactions, animations, and details for a seamless user experience.
* Work closely with designers to assess the feasibility of new ideas and drive innovation.
* Develop engaging prototypes and proof-of-concepts to validate ideas internally and with users.
* Continually update and improve our large Ruby on Rails application to take advantage of newly built components.


**What we do here:**


Fancy a unique work environment that is constantly pushing you to try something new? Or perhaps stretch your skills by designing for an industry you’ve always wanted to improve?


At Power, we build our own application suite of products to run our entire business. We build complete solutions for finance, recruiting, sales, contact center, real-time chat and even software for meetings. We also build consumer software and have our own successful Design System called Playbook. These are just some of the areas you’ll get exposure to and opportunity to tackle.


We also design solutions for in-home 3D visualizations, augmented reality, satellite & aerial photo measurements, and artificial intelligence suggestion engines.


The biggest perk of working at Power is that we have a small, talented team with a very large audience. This means you have the ability to make a huge impact on the product and the company, whilst also having really interesting and challenging problems to work on. We believe deeply in what we do and we're all in this to build something lasting, sustainable and positive.


**Qualifications:**


* 8+ years of experience with Ruby on Rails.
* Degree/Certification(s) or relevant GitHub project examples showcasing your skills.
* Proficiency in Javascript Frameworks (e.g., React).
* Excellent written and verbal communication skills.
* Strong collaboration and multitasking abilities.
* Familiarity with design systems and prototyping.


**Salary and Benefits:**


* Full medical, dental, life and disability insurance plans that can be tailored to your specific needs and the needs of your family
* A competitive 401(k) retirement savings program matched by Power
* Competitive salary - We pay very well at market rates reflecting both location and experience.
* All the tech you need - We'll pay for whatever hardware and software you need to work and make sure you're regularly upgraded to the latest versions
* Personal development - Personal development courses, books, & conferences.
* Paid parental leave - When the time comes to welcome a new member of the family, we offer paid parental leave.
* Nitro Create: Power’s own tech conference (2 times per year).

  

  

Join us at Power, where you'll enjoy the agility of a startup, coupled with the stability of an established and well-funded organization. Make a significant impact on both the product and the company, tackling interesting and challenging problems.  

Power has been recognized as Computerworld’s Best Places to Work in IT, Fortune Magazine’s #1 Workplace for Millennials, Glassdoor’s Best Places to Work, Inc. 5000’s Fastest Growing Private Companies, and Philadelphia Magazine Coolest Companies.

  


*Power Home Remodeling Group is an equal opportunity employer, and we are committed to hiring a diverse and talented workforce. If you have a disability or special need that requires accommodation, please submit the* *accommodation* *request to**recruiting@powerhrg.com*","https://www.indeed.com/cmp/Power-Home-Remodeling","https://www.powerhrg.com","Chester, PA","1,001 to 5,000","$1B to $5B (USD)","","https://d2q79iu7y748jz.cloudfront.net/s/_squarelogo/256x256/d9efd8d663a475c3bffe8dd6c02299dc","https://d2q79iu7y748jz.cloudfront.net/s/_headerimage/1960x400/ac6d031995dd6411bc62042ab863cc5a","Corey Schiller & Asher Raphael","https://d2q79iu7y748jz.cloudfront.net/s/_ceophoto/512x512/d0c040d0bd3e733658261c14eec2f049"
